{
  "1": {
    "usage": 31,
    "aggregatedScore": 0.17832554114500831,
    "scores": [
      0.012101044195009802,
      0.011396334242195787,
      0.0127347041431857,
      0.013221096373590039,
      0.01311901269547533,
      0.008386385428934351,
      0.0078980003619381,
      0.007438056627108862,
      0.00659696443204234,
      0.006212787131414232,
      0.0048141070453832984,
      0.004533755276220048,
      0.005159525807989604,
      0.004859058416077223,
      0.004788119563876619,
      0.004509281187819881,
      0.004246681094647417,
      0.004398775224875485,
      0.0051364663523912535,
      0.004837341838630936,
      0.004040487540221853,
      0.003805187863770002,
      0.0035835909737237997,
      0.0029932667902338047,
      0.0026547894888051303,
      0.00250018658468893,
      0.0025055139106103835,
      0.002290225302513271,
      0.002566187519107375,
      0.0024167443920218774,
      0.002581863340505555
    ],
    "averageScore": 0.0057524368111293005
  },
  "2": {
    "usage": 39,
    "aggregatedScore": 0.2356606127986069,
    "scores": [
      0.012342761643951431,
      0.012101044195009802,
      0.011396334242195787,
      0.0127347041431857,
      0.013221096373590039,
      0.010957920507656841,
      0.011320436234974088,
      0.009455623167254632,
      0.008904970541857975,
      0.008386385428934351,
      0.0078980003619381,
      0.007438056627108862,
      0.007004897930202408,
      0.006212787131414232,
      0.005850982575074546,
      0.005111794799769486,
      0.005159525807989604,
      0.004859058416077223,
      0.004788119563876619,
      0.004509281187819881,
      0.004246681094647417,
      0.003999373640381672,
      0.0044968479257415876,
      0.0051364663523912535,
      0.004837341838630936,
      0.004555636980445836,
      0.0042903373360687275,
      0.004040487540221853,
      0.0035835909737237997,
      0.003374898881925718,
      0.0031783600714307765,
      0.0028189525025977603,
      0.00250018658468893,
      0.0026604462381638887,
      0.002582221817991136,
      0.002431844926031493,
      0.002290225302513271,
      0.002566187519107375,
      0.0024167443920218774
    ],
    "averageScore": 0.0060425798153488945
  },
  "3": {
    "usage": 13,
    "aggregatedScore": 0.09677611155785494,
    "scores": [
      0,
      0.005435030821466198,
      0.013105995398845913,
      0.012342761643951431,
      0.012355020872240162,
      0.010319780895946718,
      0.0106611853508006,
      0.010040326249351953,
      0.0055102478758246465,
      0.004774917471809111,
      0.0044968479257415876,
      0.004555636980445836,
      0.0031783600714307765
    ],
    "averageScore": 0.007444316273681149
  },
  "4": {
    "usage": 11,
    "aggregatedScore": 0.06455160999615077,
    "scores": [
      0,
      0.003670310224328674,
      0.005771114357833257,
      0.013916424893349917,
      0.011320436234974088,
      0.009455623167254632,
      0.007004897930202408,
      0.005427890536835759,
      0.0028189525025977603,
      0.0026604462381638887,
      0.0025055139106103835
    ],
    "averageScore": 0.005868328181468252
  },
  "5": {
    "usage": 9,
    "aggregatedScore": 0.06046931217071593,
    "scores": [
      0,
      0,
      0.01994682114515818,
      0.011635520469168914,
      0.010319780895946718,
      0.00659696443204234,
      0.0055102478758246465,
      0.003805187863770002,
      0.0026547894888051303
    ],
    "averageScore": 0.006718812463412881
  },
  "6": {
    "usage": 5,
    "aggregatedScore": 0.05640925302007288,
    "scores": [
      0.005435030821466198,
      0.018785208712258323,
      0.01569072525249288,
      0.013916424893349917,
      0.002581863340505555
    ],
    "averageScore": 0.011281850604014576
  },
  "7": {
    "usage": 10,
    "aggregatedScore": 0.06802725535773059,
    "scores": [
      0.003670310224328674,
      0.013105995398845913,
      0.011635520469168914,
      0.010957920507656841,
      0.008904970541857975,
      0.005111794799769486,
      0.004774917471809111,
      0.0042903373360687275,
      0.0029932667902338047,
      0.002582221817991136
    ],
    "averageScore": 0.006802725535773059
  },
  "8": {
    "usage": 10,
    "aggregatedScore": 0.12501535739964162,
    "scores": [
      0.006127980139440006,
      0.01994682114515818,
      0.018785208712258323,
      0.017691243321182725,
      0.016660985514899106,
      0.01477696854901255,
      0.01311901269547533,
      0.0106611853508006,
      0.0048141070453832984,
      0.002431844926031493
    ],
    "averageScore": 0.012501535739964162
  },
  "9": {
    "usage": 14,
    "aggregatedScore": 0.12670004039176588,
    "scores": [
      0.006127980139440006,
      0.005771114357833257,
      0.017691243321182725,
      0.016660985514899106,
      0.01569072525249288,
      0.01477696854901255,
      0.012355020872240162,
      0.010040326249351953,
      0.005850982575074546,
      0.005427890536835759,
      0.004533755276220048,
      0.003999373640381672,
      0.004398775224875485,
      0.003374898881925718
    ],
    "averageScore": 0.009050002885126135
  }
}