{
  "1": {
    "usage": 24,
    "aggregatedScore": 812.8,
    "scores": [
      19.200000000000003,
      28.799999999999997,
      33.6,
      33.6,
      86.4,
      43.2,
      28.799999999999997,
      43.2,
      38.4,
      14.4,
      4.800000000000001,
      38.4,
      43.2,
      49.6,
      14.4,
      230.4,
      0,
      14.4,
      11.2,
      12.8,
      11.2,
      6.4,
      4.800000000000001,
      1.5999999999999996
    ],
    "averageScore": 33.86666666666667
  },
  "2": {
    "usage": 31,
    "aggregatedScore": 1276.8,
    "scores": [
      84.8,
      19.200000000000003,
      28.799999999999997,
      33.6,
      33.6,
      86.4,
      43.2,
      44.8,
      28.799999999999997,
      38.4,
      3.1999999999999993,
      11.2,
      14.4,
      4.800000000000001,
      43.2,
      345.6,
      14.4,
      12.8,
      11.2,
      12.8,
      11.2,
      230.4,
      11.2,
      14.4,
      11.2,
      12.8,
      12.8,
      11.2,
      4.800000000000001,
      1.5999999999999996,
      40
    ],
    "averageScore": 41.18709677419355
  },
  "3": {
    "usage": 11,
    "aggregatedScore": 468.7999999999999,
    "scores": [
      33.6,
      3.1999999999999993,
      345.6,
      14.4,
      14.4,
      14.4,
      11.2,
      14.4,
      11.2,
      0,
      6.4
    ],
    "averageScore": 42.61818181818181
  },
  "4": {
    "usage": 15,
    "aggregatedScore": 513.6,
    "scores": [
      86.4,
      75.2,
      81.6,
      33.6,
      84.8,
      44.8,
      33.6,
      9.6,
      14.4,
      14.4,
      0,
      12.8,
      11.2,
      11.2,
      0
    ],
    "averageScore": 34.24
  },
  "5": {
    "usage": 8,
    "aggregatedScore": 185.6,
    "scores": [
      81.6,
      11.2,
      43.2,
      14.4,
      9.6,
      11.2,
      0,
      14.4
    ],
    "averageScore": 23.2
  },
  "6": {
    "usage": 10,
    "aggregatedScore": 220.8,
    "scores": [
      14.399999999999999,
      81.6,
      43.2,
      14.4,
      14.4,
      0,
      14.4,
      11.2,
      14.4,
      12.8
    ],
    "averageScore": 22.080000000000002
  },
  "7": {
    "usage": 5,
    "aggregatedScore": 233.60000000000002,
    "scores": [
      86.4,
      43.2,
      38.4,
      54.4,
      11.2
    ],
    "averageScore": 46.720000000000006
  },
  "8": {
    "usage": 5,
    "aggregatedScore": 219.2,
    "scores": [
      81.6,
      33.6,
      49.6,
      14.4,
      40
    ],
    "averageScore": 43.839999999999996
  },
  "9": {
    "usage": 11,
    "aggregatedScore": 423.99999999999994,
    "scores": [
      81.6,
      14.399999999999999,
      81.6,
      33.6,
      75.2,
      33.6,
      54.4,
      11.2,
      12.8,
      14.4,
      11.2
    ],
    "averageScore": 38.54545454545454
  }
}