{
  "1": {
    "usage": 20,
    "aggregatedScore": 372.9465792888461,
    "scores": [
      10.376450198781713,
      7.2,
      11.701933598375618,
      23.929892105728538,
      0,
      19.541667006337683,
      8.776450198781715,
      21.435847244706036,
      14.76467529817257,
      13.16467529817257,
      7.2,
      5.6,
      33.09806640162438,
      35.16067272407548,
      40.780336362037744,
      39.297931024278526,
      8.776450198781715,
      42.65485296244383,
      13.30193359837562,
      16.18474506817238
    ],
    "averageScore": 18.647328964442305
  },
  "2": {
    "usage": 23,
    "aggregatedScore": 501.24633339822606,
    "scores": [
      31.203886163256023,
      27.28681404389385,
      27.28681404389385,
      10.376450198781713,
      7.2,
      0,
      27.28681404389385,
      45.07129728190522,
      14.76467529817257,
      13.16467529817257,
      7.2,
      5.6,
      18.078925306540732,
      39.22630418407044,
      28.086814043893845,
      25.39263380552549,
      18.76467529817257,
      14.101933598375618,
      25.39263380552549,
      8.776450198781715,
      15.153441906946824,
      39.729369562849925,
      52.10172531557376
    ],
    "averageScore": 21.79331884340113
  },
  "3": {
    "usage": 32,
    "aggregatedScore": 1380.167892060439,
    "scores": [
      25.667150405931586,
      27.28681404389385,
      50.2791632091004,
      46.51759466224079,
      23.929892105728538,
      7.313708498984761,
      41.12923418550408,
      38.5999936228353,
      8.776450198781715,
      38.040869248236675,
      29.870039627517315,
      31.56956558916675,
      25.39263380552549,
      113.87366142107086,
      25.824072344096898,
      25.39263380552549,
      11.302204353067317,
      258.68786765007917,
      39.297931024278526,
      21.004408706134633,
      9.875893791832183,
      169.6497794654552,
      27.384603313661827,
      8.972312247338778,
      52.10172531557376,
      61.76280036432894,
      9.03946265327037,
      59.17659118878031,
      11.701933598375618,
      2.4000000000000004,
      15.56467529817257,
      62.78222631594912
    ],
    "averageScore": 43.13024662688872
  },
  "4": {
    "usage": 16,
    "aggregatedScore": 2027.3524877676439,
    "scores": [
      25.667150405931586,
      11.701933598375618,
      50.2791632091004,
      46.51759466224079,
      257.14920120379014,
      18.078925306540732,
      41.12923418550408,
      468.7282073206777,
      25.824072344096898,
      364.01695419351483,
      11.302204353067317,
      228.35680396220474,
      42.65485296244383,
      314.01286308764884,
      106.36865167433383,
      15.56467529817257
    ],
    "averageScore": 126.70953048547774
  },
  "5": {
    "usage": 17,
    "aggregatedScore": 807.7303180492803,
    "scores": [
      0,
      27.28681404389385,
      75.38426603067882,
      35.16067272407548,
      40.780336362037744,
      6.4,
      0,
      258.68786765007917,
      5.6,
      42.65485296244383,
      16.36467529817257,
      169.6497794654552,
      61.16507505304541,
      12.639191898578666,
      42.65485296244383,
      13.30193359837562,
      0
    ],
    "averageScore": 47.5135481205459
  },
  "6": {
    "usage": 11,
    "aggregatedScore": 1057.7364410883047,
    "scores": [
      274.2883402672963,
      39.22630418407044,
      113.87366142107086,
      364.01695419351483,
      16.610666186799634,
      39.729369562849925,
      61.16507505304541,
      61.76280036432894,
      59.17659118878031,
      16.18474506817238,
      11.701933598375618
    ],
    "averageScore": 96.15785828075497
  },
  "7": {
    "usage": 6,
    "aggregatedScore": 96.35192706109976,
    "scores": [
      8.776450198781715,
      39.297931024278526,
      18.76467529817257,
      16.610666186799634,
      2.4000000000000004,
      10.502204353067317
    ],
    "averageScore": 16.058654510183292
  },
  "8": {
    "usage": 31,
    "aggregatedScore": 1777.3523030009521,
    "scores": [
      0,
      21.435847244706036,
      274.2883402672963,
      8.776450198781715,
      45.07129728190522,
      33.09806640162438,
      38.5999936228353,
      11.839191898578665,
      53.27176994223406,
      69.63435770230961,
      29.870039627517315,
      31.56956558916675,
      14.101933598375618,
      6.4,
      468.7282073206777,
      15.153441906946824,
      8.776450198781715,
      0,
      5.6,
      13.16467529817257,
      14.76467529817257,
      6.4,
      21.004408706134633,
      16.36467529817257,
      47.317594662240786,
      28.455375505322444,
      314.01286308764884,
      106.36865167433383,
      0,
      62.78222631594912,
      10.502204353067317
    ],
    "averageScore": 57.33394525809523
  },
  "9": {
    "usage": 26,
    "aggregatedScore": 1090.750416033613,
    "scores": [
      31.203886163256023,
      27.28681404389385,
      19.541667006337683,
      8.776450198781715,
      7.313708498984761,
      8.776450198781715,
      257.14920120379014,
      75.38426603067882,
      11.839191898578665,
      53.27176994223406,
      69.63435770230961,
      38.040869248236675,
      28.086814043893845,
      8.776450198781715,
      228.35680396220474,
      39.297931024278526,
      13.16467529817257,
      14.76467529817257,
      6.4,
      9.875893791832183,
      27.384603313661827,
      8.972312247338778,
      47.317594662240786,
      12.639191898578666,
      28.455375505322444,
      9.03946265327037
    ],
    "averageScore": 41.95193907821589
  }
}