{
  "1": {
    "usage": 35,
    "aggregatedScore": 577.1001385015885,
    "scores": [
      34.958583447515636,
      4,
      2.925483399593901,
      7.313708498984761,
      8.776450198781715,
      13.16467529817257,
      22.89858894450299,
      11.839191898578665,
      0,
      5.6,
      46.01177490060914,
      18.07892530654073,
      31.12134544815096,
      25.824072344096898,
      13.16467529817257,
      24.361330644299944,
      12.639191898578666,
      20.36467529817257,
      0,
      10.239191898578667,
      24.361330644299944,
      27.28681404389385,
      8.776450198781715,
      4.388225099390855,
      34.47826738631627,
      7.2,
      30.772447624684624,
      24.06715040593159,
      10.239191898578667,
      14.76467529817257,
      15.153441906946824,
      11.839191898578667,
      22.467150405931587,
      8.91370849898476,
      19.11022846776628
    ],
    "averageScore": 16.48857538575967
  },
  "2": {
    "usage": 40,
    "aggregatedScore": 1150.4813209937138,
    "scores": [
      4,
      2.925483399593901,
      7.313708498984761,
      46.176714576308704,
      46.52561239977504,
      31.55278398672236,
      8.776450198781715,
      13.16467529817257,
      11.839191898578665,
      0,
      5.6,
      81.13555155047408,
      13.259261668578471,
      41.19211126264688,
      86.45510045806128,
      49.96507505304541,
      59.108245475521784,
      86.33496081677937,
      27.76442350998566,
      52.208153114880105,
      122.98911919345265,
      24.361330644299944,
      15.56467529817257,
      20.36467529817257,
      0,
      11.701933598375618,
      59.95330015243627,
      20.572970167563234,
      10.239191898578667,
      34.51759466224079,
      21.004408706134633,
      8.776450198781715,
      7.2,
      10.239191898578667,
      14.76467529817257,
      15.153441906946824,
      11.839191898578667,
      22.89858894450299,
      8.91370849898476,
      34.12936956284993
    ],
    "averageScore": 28.762033024842843
  },
  "3": {
    "usage": 18,
    "aggregatedScore": 709.5135640082792,
    "scores": [
      22.89858894450299,
      6.4,
      130.4824921216387,
      17.16467529817257,
      124.3366306682635,
      23.278267386316273,
      12.639191898578666,
      13.458468371008166,
      21.73298497141426,
      59.95330015243627,
      20.572970167563234,
      78.59127964047492,
      54.584669961579266,
      8.776450198781715,
      27.28681404389385,
      34.47826738631627,
      34.11383749916591,
      18.76467529817257
    ],
    "averageScore": 39.41742022268218
  },
  "4": {
    "usage": 14,
    "aggregatedScore": 1998.446481928097,
    "scores": [
      18.07892530654073,
      152.65466068558362,
      59.108245475521784,
      124.3366306682635,
      27.76442350998566,
      632.1168508275181,
      122.10028877845495,
      17.16467529817257,
      46.176714576308704,
      14.290564829804019,
      109.72557361249915,
      78.59127964047492,
      531.9092718683612,
      64.42837685060792
    ],
    "averageScore": 142.74617728057837
  },
  "5": {
    "usage": 12,
    "aggregatedScore": 504.7869962089248,
    "scores": [
      46.176714576308704,
      130.4824921216387,
      152.65466068558362,
      16.36467529817257,
      86.33496081677937,
      0,
      3.2,
      7.2,
      11.701933598375618,
      7.2,
      21.004408706134633,
      22.467150405931587
    ],
    "averageScore": 42.0655830174104
  },
  "6": {
    "usage": 5,
    "aggregatedScore": 675.4319579575186,
    "scores": [
      46.52561239977504,
      13.458468371008166,
      531.9092718683612,
      64.42837685060792,
      19.11022846776628
    ],
    "averageScore": 135.08639159150374
  },
  "7": {
    "usage": 15,
    "aggregatedScore": 294.19995568982574,
    "scores": [
      6.4,
      41.19211126264688,
      17.16467529817257,
      49.96507505304541,
      16.36467529817257,
      15.56467529817257,
      17.16467529817257,
      17.16467529817257,
      4.388225099390855,
      6.4,
      39.729369562849925,
      8.776450198781715,
      4.388225099390855,
      30.772447624684624,
      18.76467529817257
    ],
    "averageScore": 19.613330379321717
  },
  "8": {
    "usage": 22,
    "aggregatedScore": 1252.797155451413,
    "scores": [
      13.259261668578471,
      86.45510045806128,
      632.1168508275181,
      27.28681404389385,
      6.4,
      3.2,
      7.2,
      23.278267386316273,
      25.824072344096898,
      122.10028877845495,
      46.176714576308704,
      14.290564829804019,
      54.584669961579266,
      11.839191898578665,
      31.28681404389385,
      17.16467529817257,
      18.76467529817257,
      16.36467529817257,
      18.76467529817257,
      17.964675298172573,
      24.361330644299944,
      34.11383749916591
    ],
    "averageScore": 56.945325247791494
  },
  "9": {
    "usage": 29,
    "aggregatedScore": 900.9317155370587,
    "scores": [
      34.958583447515636,
      31.55278398672236,
      46.01177490060914,
      81.13555155047408,
      31.12134544815096,
      27.28681404389385,
      0,
      6.4,
      52.208153114880105,
      122.98911919345265,
      13.16467529817257,
      17.16467529817257,
      109.72557361249915,
      4.388225099390855,
      21.73298497141426,
      6.4,
      39.729369562849925,
      7.2,
      11.839191898578665,
      31.28681404389385,
      17.16467529817257,
      18.76467529817257,
      16.36467529817257,
      18.76467529817257,
      17.964675298172573,
      34.51759466224079,
      24.06715040593159,
      22.89858894450299,
      34.12936956284993
    ],
    "averageScore": 31.066610880588232
  }
}