{
  "1": {
    "usage": 17,
    "aggregatedScore": 849.6190988669064,
    "scores": [
      47.42080314304626,
      48.07089481467706,
      29.5495557436908,
      29.309705924887673,
      21.004408706134633,
      42.65485296244383,
      27.28681404389385,
      10.239191898578667,
      66.00920795883928,
      66.00920795883928,
      66.00920795883928,
      66.00920795883928,
      66.00920795883928,
      66.00920795883928,
      66.00920795883928,
      66.00920795883928,
      66.00920795883928
    ],
    "averageScore": 49.97759405099449
  },
  "2": {
    "usage": 17,
    "aggregatedScore": 886.7699013821759,
    "scores": [
      29.5495557436908,
      8.91370849898476,
      10.239191898578667,
      14.901933598375619,
      72.70289345101402,
      24.361330644299944,
      66.00920795883928,
      66.00920795883928,
      66.00920795883928,
      66.00920795883928,
      66.00920795883928,
      66.00920795883928,
      66.00920795883928,
      66.00920795883928,
      66.00920795883928,
      66.00920795883928,
      66.00920795883928
    ],
    "averageScore": 52.162935375422116
  },
  "3": {
    "usage": 6,
    "aggregatedScore": 194.34869518893987,
    "scores": [
      19.11022846776628,
      7.313708498984761,
      21.004408706134633,
      14.901933598375619,
      66.00920795883928,
      66.00920795883928
    ],
    "averageScore": 32.39144919815664
  },
  "4": {
    "usage": 12,
    "aggregatedScore": 1701.6235437051,
    "scores": [
      397.6318683461721,
      596.209107082293,
      101.1472206543068,
      195.27624804106836,
      48.07089481467706,
      29.309705924887673,
      42.65485296244383,
      27.28681404389385,
      66.00920795883928,
      66.00920795883928,
      66.00920795883928,
      66.00920795883928
    ],
    "averageScore": 141.801961975425
  },
  "5": {
    "usage": 3,
    "aggregatedScore": 122.3437196008703,
    "scores": [
      47.42080314304626,
      8.91370849898476,
      66.00920795883928
    ],
    "averageScore": 40.78123986695677
  },
  "6": {
    "usage": 6,
    "aggregatedScore": 1055.5221869587185,
    "scores": [
      596.209107082293,
      195.27624804106836,
      66.00920795883928,
      66.00920795883928,
      66.00920795883928,
      66.00920795883928
    ],
    "averageScore": 175.92036449311976
  },
  "7": {
    "usage": 9,
    "aggregatedScore": 535.571193042802,
    "scores": [
      101.1472206543068,
      7.313708498984761,
      72.70289345101402,
      24.361330644299944,
      66.00920795883928,
      66.00920795883928,
      66.00920795883928,
      66.00920795883928,
      66.00920795883928
    ],
    "averageScore": 59.507910338089104
  },
  "8": {
    "usage": 8,
    "aggregatedScore": 557.5565785644951,
    "scores": [
      47.01318149557545,
      397.6318683461721,
      10.239191898578667,
      0,
      10.239191898578667,
      7.313708498984761,
      19.11022846776628,
      66.00920795883928
    ],
    "averageScore": 69.69457232056189
  },
  "9": {
    "usage": 6,
    "aggregatedScore": 140.81448175055684,
    "scores": [
      47.01318149557545,
      10.239191898578667,
      0,
      10.239191898578667,
      7.313708498984761,
      66.00920795883928
    ],
    "averageScore": 23.46908029175947
  }
}