{
  "1": {
    "usage": 26,
    "aggregatedScore": 57.91399290303476,
    "scores": [
      7.627467048089392,
      5.630776051473241,
      5.005910114479307,
      4.218277067126446,
      0,
      0,
      3.8969420015133336,
      3.3317920066617503,
      0,
      4.3535180905035675,
      0,
      0,
      0,
      4.218277067126446,
      0,
      0,
      0,
      0,
      3.3317920066617503,
      4.063278419709999,
      4.9145770587656825,
      0,
      2.1688684476078004,
      5.152517523316042,
      0,
      0
    ],
    "averageScore": 2.227461265501337
  },
  "2": {
    "usage": 24,
    "aggregatedScore": 64.11930188039553,
    "scores": [
      5.185092593684422,
      0,
      0,
      0,
      6.681097807628161,
      9.074031364610498,
      3.3317920066617503,
      0,
      4.3535180905035675,
      0,
      0,
      0,
      4.218277067126446,
      0,
      0,
      4.218277067126446,
      7.328640147078084,
      4.9145770587656825,
      0,
      2.1688684476078004,
      5.152517523316042,
      0,
      0,
      7.492612706286636
    ],
    "averageScore": 2.6716375783498134
  },
  "3": {
    "usage": 5,
    "aggregatedScore": 22.34096520596892,
    "scores": [
      5.524652226107971,
      0,
      3.8969420015133336,
      4.063278419709999,
      8.856092558637618
    ],
    "averageScore": 4.468193041193784
  },
  "4": {
    "usage": 5,
    "aggregatedScore": 12.526165846565547,
    "scores": [
      0,
      0,
      5.524652226107971,
      0,
      7.001513620457576
    ],
    "averageScore": 2.5052331693131094
  },
  "5": {
    "usage": 5,
    "aggregatedScore": 19.712453837187955,
    "scores": [
      0,
      4.218277067126446,
      0,
      8.492663149603933,
      7.001513620457576
    ],
    "averageScore": 3.942490767437591
  },
  "6": {
    "usage": 7,
    "aggregatedScore": 36.49476112823009,
    "scores": [
      0,
      5.630776051473241,
      4.218277067126446,
      7.328640147078084,
      3.3317920066617503,
      7.492612706286636,
      8.492663149603933
    ],
    "averageScore": 5.21353730403287
  },
  "7": {
    "usage": 5,
    "aggregatedScore": 31.763106756019038,
    "scores": [
      7.627467048089392,
      5.185092593684422,
      5.005910114479307,
      8.856092558637618,
      5.0885444411283025
    ],
    "averageScore": 6.352621351203807
  },
  "8": {
    "usage": 11,
    "aggregatedScore": 46.770871445710625,
    "scores": [
      0,
      2.8876383461665056,
      2.493072875414805,
      0,
      4.9145770587656825,
      0,
      6.681097807628161,
      9.074031364610498,
      0,
      5.0885444411283025,
      15.631909551996674
    ],
    "averageScore": 4.251897404155511
  },
  "9": {
    "usage": 8,
    "aggregatedScore": 25.927197832343666,
    "scores": [
      0,
      2.8876383461665056,
      2.493072875414805,
      0,
      4.9145770587656825,
      0,
      0,
      15.631909551996674
    ],
    "averageScore": 3.240899729042958
  }
}