{
  "1": {
    "usage": 51,
    "aggregatedScore": 1007.8941293931539,
    "scores": [
      11.976450198781713,
      22.467150405931587,
      32.235189324481574,
      3.2,
      12.639191898578666,
      29.309705924887673,
      27.28681404389385,
      13.259261668578471,
      9.470901191841769,
      13.30193359837562,
      3.2,
      63.227681375496516,
      1.5999999999999996,
      22.89858894450299,
      13.16467529817257,
      20.341667006337683,
      5.6,
      44.91759466224079,
      12.501933598375619,
      41.389364604474856,
      15.027687752661222,
      7.2,
      39.729369562849925,
      2.4000000000000004,
      15.753306529600973,
      14.76467529817257,
      13.30193359837562,
      12.639191898578666,
      22.604408706134638,
      11.701933598375618,
      46.176714576308704,
      18.016048229397928,
      30.689906909579562,
      33.26649248570713,
      29.024072344096894,
      7.2,
      7.2,
      40.52936956284993,
      12.639191898578666,
      7.2,
      7.2,
      47.18033636203774,
      7.2,
      41.389364604474856,
      16.36467529817257,
      23.929892105728538,
      7.2,
      10.239191898578667,
      7.2,
      41.738262427941194,
      7.2
    ],
    "averageScore": 19.762629988101057
  },
  "2": {
    "usage": 45,
    "aggregatedScore": 1124.8947055895367,
    "scores": [
      21.004408706134633,
      11.976450198781713,
      3.2,
      12.639191898578666,
      13.30193359837562,
      3.2,
      87.51588791251183,
      28.886814043893846,
      61.02633358761065,
      1.5999999999999996,
      35.16067272407548,
      13.16467529817257,
      20.341667006337683,
      5.6,
      44.91759466224079,
      46.85911991406791,
      12.501933598375619,
      15.027687752661222,
      7.2,
      2.4000000000000004,
      31.149555743690797,
      22.604408706134638,
      11.701933598375618,
      18.016048229397928,
      29.024072344096894,
      7.2,
      7.2,
      40.52936956284993,
      12.639191898578666,
      7.2,
      7.2,
      47.18033636203774,
      7.2,
      87.31239921160282,
      36.803886163256024,
      51.42781675284236,
      79.62963450499582,
      16.36467529817257,
      7.2,
      10.239191898578667,
      7.2,
      28.09793102427853,
      7.2,
      36.372447624684625,
      60.67743576414433
    ],
    "averageScore": 24.997660124211926
  },
  "3": {
    "usage": 7,
    "aggregatedScore": 453.9589904912416,
    "scores": [
      59.94222072693853,
      21.004408706134633,
      33.717594662240785,
      54.584669961579266,
      149.3844136652409,
      124.07256734766707,
      11.253115421440384
    ],
    "averageScore": 64.85128435589165
  },
  "4": {
    "usage": 24,
    "aggregatedScore": 2565.666778307878,
    "scores": [
      32.235189324481574,
      269.19422160236314,
      9.470901191841769,
      33.717594662240785,
      61.02633358761065,
      46.85911991406791,
      31.149555743690797,
      14.76467529817257,
      30.689906909579562,
      87.31239921160282,
      133.2084107494439,
      53.239456276105656,
      15.56467529817257,
      243.53381517274664,
      159.40720708191074,
      316.19262354176266,
      142.62687071987298,
      23.929892105728538,
      41.738262427941194,
      36.372447624684625,
      510.92112303703544,
      93.18998883318582,
      118.6446722294909,
      60.67743576414433
    ],
    "averageScore": 106.9027824294949
  },
  "5": {
    "usage": 15,
    "aggregatedScore": 698.8034715206044,
    "scores": [
      269.19422160236314,
      23.835847244706038,
      35.16067272407548,
      41.389364604474856,
      12.639191898578666,
      33.26649248570713,
      22.235847244706036,
      0,
      53.239456276105656,
      15.56467529817257,
      7.313708498984761,
      10.239191898578667,
      4,
      142.62687071987298,
      28.09793102427853
    ],
    "averageScore": 46.58689810137363
  },
  "6": {
    "usage": 15,
    "aggregatedScore": 1109.7925708813564,
    "scores": [
      22.89858894450299,
      13.30193359837562,
      41.389364604474856,
      149.3844136652409,
      51.42781675284236,
      22.235847244706036,
      29.309705924887673,
      280.10845784349186,
      12.39638459143567,
      133.2084107494439,
      53.239456276105656,
      4,
      79.62963450499582,
      124.07256734766707,
      93.18998883318582
    ],
    "averageScore": 73.98617139209043
  },
  "7": {
    "usage": 12,
    "aggregatedScore": 1117.053129859135,
    "scores": [
      27.28681404389385,
      28.886814043893846,
      23.835847244706038,
      39.729369562849925,
      15.753306529600973,
      36.803886163256024,
      17.16467529817257,
      53.239456276105656,
      280.10845784349186,
      159.40720708191074,
      316.19262354176266,
      118.6446722294909
    ],
    "averageScore": 93.08776082159459
  },
  "8": {
    "usage": 22,
    "aggregatedScore": 1683.6873121941458,
    "scores": [
      168.45676800626842,
      84.09188275494468,
      59.94222072693853,
      29.309705924887673,
      13.259261668578471,
      28.886814043893846,
      54.584669961579266,
      0,
      84.19127964047493,
      17.16467529817257,
      47.33725830020305,
      49.58033636203774,
      69.41604185223322,
      243.53381517274664,
      7.313708498984761,
      70.21604185223322,
      27.92989210572854,
      510.92112303703544,
      7.313708498984761,
      3.2,
      30.341009086113225,
      76.69709940210657
    ],
    "averageScore": 76.53124146337026
  },
  "9": {
    "usage": 21,
    "aggregatedScore": 1030.2439640118132,
    "scores": [
      168.45676800626842,
      84.09188275494468,
      22.467150405931587,
      87.51588791251183,
      28.886814043893846,
      63.227681375496516,
      46.176714576308704,
      84.19127964047493,
      47.33725830020305,
      29.309705924887673,
      49.58033636203774,
      12.39638459143567,
      69.41604185223322,
      10.239191898578667,
      70.21604185223322,
      27.92989210572854,
      7.313708498984761,
      3.2,
      30.341009086113225,
      76.69709940210657,
      11.253115421440384
    ],
    "averageScore": 49.059236381514914
  }
}