{
  "1": {
    "usage": 12,
    "aggregatedScore": 374.755878779224,
    "scores": [
      13.30193359837562,
      21.004408706134633,
      28.026304184070447,
      21.435847244706036,
      29.309705924887666,
      49.96507505304541,
      33.812643651001444,
      42.65485296244383,
      90.77341296514689,
      19.97310554490908,
      22.89858894450299,
      1.5999999999999996
    ],
    "averageScore": 31.229656564935336
  },
  "2": {
    "usage": 9,
    "aggregatedScore": 171.46440320914724,
    "scores": [
      11.365081430210118,
      39.444739571185025,
      15.56467529817257,
      23.976063033248955,
      29.309705924887666,
      13.16467529817257,
      23.929892105728538,
      1.5999999999999996,
      13.109570547541821
    ],
    "averageScore": 19.051600356571914
  },
  "3": {
    "usage": 14,
    "aggregatedScore": 994.996018308691,
    "scores": [
      80.90044980538386,
      121.65347547580919,
      145.71419000320986,
      189.9967655592405,
      28.026304184070447,
      4.8,
      23.976063033248955,
      210.12120334702794,
      35.16067272407548,
      5.6,
      21.73298497141426,
      4.8,
      13.109570547541821,
      109.40433865766877
    ],
    "averageScore": 71.0711441649065
  },
  "4": {
    "usage": 7,
    "aggregatedScore": 2628.722251355656,
    "scores": [
      21.004408706134633,
      448.2836934073079,
      1504.8672148724963,
      309.31824500391156,
      29.99211126264688,
      13.16467529817257,
      302.0919028049859
    ],
    "averageScore": 375.5317501936652
  },
  "5": {
    "usage": 13,
    "aggregatedScore": 985.4791537327585,
    "scores": [
      4,
      6.4,
      80.90044980538386,
      189.9967655592405,
      42.65485296244383,
      210.12120334702794,
      8.113708498984762,
      7.2,
      29.99211126264688,
      35.16067272407548,
      23.929892105728538,
      44.91759466224079,
      302.0919028049859
    ],
    "averageScore": 75.80608874867373
  },
  "6": {
    "usage": 12,
    "aggregatedScore": 1334.748409658442,
    "scores": [
      6.4,
      364.38834362881516,
      145.71419000320986,
      21.435847244706036,
      309.31824500391156,
      7.2,
      50.774323540245206,
      9.576450198781714,
      10.239191898578667,
      255.37988482028402,
      109.40433865766877,
      44.91759466224079
    ],
    "averageScore": 111.22903413820349
  },
  "7": {
    "usage": 9,
    "aggregatedScore": 648.6902064203766,
    "scores": [
      448.2836934073079,
      39.444739571185025,
      4.8,
      23.976063033248955,
      8.113708498984762,
      90.77341296514689,
      5.6,
      4.8,
      22.89858894450299
    ],
    "averageScore": 72.07668960226407
  },
  "8": {
    "usage": 19,
    "aggregatedScore": 2591.612229864441,
    "scores": [
      43.61177490060914,
      364.38834362881516,
      13.30193359837562,
      29.309705924887666,
      1504.8672148724963,
      68.72239945843887,
      33.812643651001444,
      15.56467529817257,
      14.76467529817257,
      50.774323540245206,
      14.76467529817257,
      7.313708498984761,
      11.839191898578667,
      96.62437976433469,
      255.37988482028402,
      13.16467529817257,
      21.73298497141426,
      19.97310554490908,
      11.701933598375618
    ],
    "averageScore": 136.40064367707583
  },
  "9": {
    "usage": 17,
    "aggregatedScore": 542.5924570284011,
    "scores": [
      4,
      43.61177490060914,
      121.65347547580919,
      11.365081430210118,
      49.96507505304541,
      68.72239945843887,
      14.76467529817257,
      14.76467529817257,
      9.576450198781714,
      7.313708498984761,
      11.839191898578667,
      10.239191898578667,
      96.62437976433469,
      13.16467529817257,
      23.976063033248955,
      29.309705924887666,
      11.701933598375618
    ],
    "averageScore": 31.91720335461183
  }
}