{
  "1": {
    "usage": 7,
    "aggregatedScore": 152.6437605209394,
    "scores": [
      7.313708498984761,
      54.344803377408454,
      27.28681404389385,
      26.992633805525493,
      13.16467529817257,
      11.839191898578665,
      11.701933598375618
    ],
    "averageScore": 21.80625150299134
  },
  "2": {
    "usage": 6,
    "aggregatedScore": 140.75368731796902,
    "scores": [
      41.9569155610006,
      22.89858894450299,
      27.28681404389385,
      11.039191898578666,
      25.870243271617305,
      11.701933598375618
    ],
    "averageScore": 23.458947886328172
  },
  "3": {
    "usage": 7,
    "aggregatedScore": 101.62612275744284,
    "scores": [
      4.8,
      4.8,
      25.824072344096894,
      11.215390309173472,
      7.2,
      22.467150405931587,
      25.319509698240893
    ],
    "averageScore": 14.518017536777549
  },
  "4": {
    "usage": 11,
    "aggregatedScore": 2121.1633955736484,
    "scores": [
      217.4656672122545,
      50.251095799368954,
      25.824072344096894,
      86.48458475128628,
      229.46747416712793,
      161.57978116043597,
      117.88908580552538,
      41.389364604474856,
      915.0446110129336,
      22.467150405931587,
      253.30050831021262
    ],
    "averageScore": 192.83303596124077
  },
  "5": {
    "usage": 14,
    "aggregatedScore": 949.4592417088098,
    "scores": [
      168.37129362528188,
      6.4,
      217.4656672122545,
      2.4000000000000004,
      50.251095799368954,
      19.97310554490908,
      86.48458475128628,
      1.5999999999999996,
      5.6,
      7.2,
      54.344803377408454,
      26.992633805525493,
      49.07554928256246,
      253.30050831021262
    ],
    "averageScore": 67.81851726491499
  },
  "6": {
    "usage": 7,
    "aggregatedScore": 1073.4448279132257,
    "scores": [
      19.97310554490908,
      32.68331848287741,
      41.389364604474856,
      915.0446110129336,
      25.319509698240893,
      25.870243271617305,
      13.16467529817257
    ],
    "averageScore": 153.3492611304608
  },
  "7": {
    "usage": 9,
    "aggregatedScore": 233.34845750778018,
    "scores": [
      4.8,
      14.76467529817257,
      4.8,
      117.88908580552538,
      41.9569155610006,
      22.89858894450299,
      7.2,
      7.2,
      11.839191898578665
    ],
    "averageScore": 25.927606389753354
  },
  "8": {
    "usage": 13,
    "aggregatedScore": 344.04500546121676,
    "scores": [
      6.4,
      2.4000000000000004,
      16.36467529817257,
      7.2,
      11.701933598375618,
      66.07878355203017,
      32.68331848287741,
      5.6,
      7.313708498984761,
      7.2,
      138.91383838850675,
      11.039191898578666,
      31.149555743690797
    ],
    "averageScore": 26.465000420093595
  },
  "9": {
    "usage": 14,
    "aggregatedScore": 914.6829504235302,
    "scores": [
      168.37129362528188,
      14.76467529817257,
      229.46747416712793,
      1.5999999999999996,
      16.36467529817257,
      7.2,
      161.57978116043597,
      11.701933598375618,
      66.07878355203017,
      11.215390309173472,
      7.2,
      138.91383838850675,
      49.07554928256246,
      31.149555743690797
    ],
    "averageScore": 65.33449645882358
  }
}