{
  "1": {
    "usage": 6,
    "aggregatedScore": 84.2430527181652,
    "scores": [
      4.8,
      38.5999936228353,
      7.2,
      8.776450198781715,
      13.16467529817257,
      11.701933598375618
    ],
    "averageScore": 14.040508786360867
  },
  "2": {
    "usage": 18,
    "aggregatedScore": 449.9076938452264,
    "scores": [
      21.435847244706036,
      40.49417386120365,
      68.03285374755868,
      39.729369562849925,
      4.8,
      25.824072344096898,
      12.501933598375619,
      22.467150405931587,
      44.54903320081219,
      72.7403128412871,
      17.246828847744872,
      7.2,
      14.76467529817257,
      13.30193359837562,
      5.188225099390856,
      14.76467529817257,
      13.16467529817257,
      11.701933598375618
    ],
    "averageScore": 24.994871880290354
  },
  "3": {
    "usage": 9,
    "aggregatedScore": 477.98264079386587,
    "scores": [
      70.20920676358492,
      29.870039627517315,
      68.03285374755868,
      19.91022846776628,
      4,
      123.16580663508054,
      20.05298143182881,
      90.43211912358827,
      52.309404996941055
    ],
    "averageScore": 53.10918231042954
  },
  "4": {
    "usage": 8,
    "aggregatedScore": 2136.3918337731493,
    "scores": [
      70.20920676358492,
      270.16497180018223,
      175.76250521880263,
      320.33244686477946,
      19.91022846776628,
      25.824072344096898,
      881.2104491283515,
      372.97795318558565
    ],
    "averageScore": 267.04897922164366
  },
  "5": {
    "usage": 8,
    "aggregatedScore": 304.1952863555251,
    "scores": [
      11.839191898578665,
      13.16467529817257,
      19.541667006337683,
      39.729369562849925,
      10.239191898578667,
      38.5999936228353,
      32.60375078591018,
      138.4774462822621
    ],
    "averageScore": 38.02441079444064
  },
  "6": {
    "usage": 11,
    "aggregatedScore": 860.1131639584711,
    "scores": [
      21.435847244706036,
      31.552783986722368,
      14.101933598375618,
      131.1452930573796,
      90.43211912358827,
      30.486814043893848,
      143.40068378692865,
      32.60375078591018,
      297.8798580358529,
      52.309404996941055,
      14.76467529817257
    ],
    "averageScore": 78.19210581440646
  },
  "7": {
    "usage": 14,
    "aggregatedScore": 1742.069325490932,
    "scores": [
      270.16497180018223,
      11.839191898578665,
      320.33244686477946,
      13.16467529817257,
      10.376450198781713,
      4,
      22.467150405931587,
      131.1452930573796,
      881.2104491283515,
      15.153441906946824,
      2.925483399593901,
      33.26649248570713,
      17.246828847744872,
      8.776450198781715
    ],
    "averageScore": 124.43352324935229
  },
  "8": {
    "usage": 26,
    "aggregatedScore": 1321.025147640893,
    "scores": [
      64.61604185223322,
      1.5999999999999996,
      80.05402134027187,
      48.780336362037744,
      33.5495557436908,
      19.56467529817257,
      63.01604185223322,
      45.58033636203774,
      29.870039627517315,
      10.239191898578667,
      123.16580663508054,
      12.501933598375619,
      143.40068378692865,
      13.96467529817257,
      15.153441906946824,
      89.65402134027188,
      7.2,
      4,
      40.11759466224079,
      55.38460331366183,
      297.8798580358529,
      5.6,
      7.2,
      2.925483399593901,
      33.26649248570713,
      72.7403128412871
    ],
    "averageScore": 50.808659524649734
  },
  "9": {
    "usage": 30,
    "aggregatedScore": 1511.5104794355696,
    "scores": [
      175.76250521880263,
      64.61604185223322,
      40.49417386120365,
      19.541667006337683,
      31.552783986722368,
      1.5999999999999996,
      14.101933598375618,
      80.05402134027187,
      48.780336362037744,
      33.5495557436908,
      19.56467529817257,
      10.376450198781713,
      63.01604185223322,
      45.58033636203774,
      20.05298143182881,
      44.54903320081219,
      30.486814043893848,
      13.96467529817257,
      89.65402134027188,
      7.2,
      4,
      138.4774462822621,
      40.11759466224079,
      55.38460331366183,
      5.6,
      7.2,
      372.97795318558565,
      13.30193359837562,
      5.188225099390856,
      14.76467529817257
    ],
    "averageScore": 50.38368264785232
  }
}