{
  "1": {
    "usage": 22,
    "aggregatedScore": 453.97128420949804,
    "scores": [
      18.07892530654073,
      13.16467529817257,
      52.208153114880105,
      20.36467529817257,
      6.4,
      35.16067272407548,
      27.28681404389385,
      13.16467529817257,
      23.92989210572854,
      15.56467529817257,
      25.824072344096898,
      19.489906909579567,
      8.776450198781715,
      13.96467529817257,
      1.5999999999999996,
      13.16467529817257,
      22.89858894450299,
      13.30193359837562,
      14.76467529817257,
      42.65485296244383,
      22.89858894450299,
      29.309705924887673
    ],
    "averageScore": 20.635058373159
  },
  "2": {
    "usage": 24,
    "aggregatedScore": 712.5205536723669,
    "scores": [
      103.49319829570823,
      18.07892530654073,
      20.36467529817257,
      6.4,
      22.235847244706036,
      29.309705924887666,
      27.28681404389385,
      11.701933598375618,
      15.56467529817257,
      37.60100412773815,
      29.65860374835401,
      62.235247765382724,
      8.776450198781715,
      13.96467529817257,
      1.5999999999999996,
      13.16467529817257,
      13.30193359837562,
      14.76467529817257,
      19.11022846776628,
      13.16467529817257,
      121.77548409642927,
      59.43334719740677,
      24.361330644299944,
      25.172447624684622
    ],
    "averageScore": 29.688356403015288
  },
  "3": {
    "usage": 14,
    "aggregatedScore": 281.3754304623077,
    "scores": [
      13.16467529817257,
      22.235847244706036,
      35.16067272407548,
      49.24074248491178,
      17.59572667121121,
      13.16467529817257,
      1.5999999999999996,
      12.501933598375619,
      22.89858894450299,
      27.76442350998566,
      24.361330644299944,
      6.4,
      4.8,
      30.486814043893848
    ],
    "averageScore": 20.09824503302198
  },
  "4": {
    "usage": 15,
    "aggregatedScore": 5591.111135320088,
    "scores": [
      52.208153114880105,
      49.24074248491178,
      1058.8010450279896,
      37.60100412773815,
      29.65860374835401,
      453.7757629835967,
      19.489906909579567,
      19.11022846776628,
      1253.3850388532303,
      121.77548409642927,
      29.309705924887673,
      27.76442350998566,
      884.6500946986573,
      636.3400519802535,
      918.0008893918272
    ],
    "averageScore": 372.74074235467253
  },
  "5": {
    "usage": 5,
    "aggregatedScore": 90.72588953163144,
    "scores": [
      29.309705924887666,
      3.2,
      22.929369562849928,
      4.8,
      30.486814043893848
    ],
    "averageScore": 18.14517790632629
  },
  "6": {
    "usage": 5,
    "aggregatedScore": 156.63064206934433,
    "scores": [
      23.92989210572854,
      3.2,
      51.34929966293444,
      42.65485296244383,
      35.49659733823751
    ],
    "averageScore": 31.326128413868865
  },
  "7": {
    "usage": 12,
    "aggregatedScore": 3293.185362459451,
    "scores": [
      103.49319829570823,
      1058.8010450279896,
      30.486814043893848,
      51.34929966293444,
      453.7757629835967,
      1.5999999999999996,
      35.49659733823751,
      884.6500946986573,
      6.4,
      636.3400519802535,
      16.50193359837562,
      14.290564829804019
    ],
    "averageScore": 274.4321135382876
  },
  "8": {
    "usage": 17,
    "aggregatedScore": 376.71656634062776,
    "scores": [
      11.701933598375618,
      13.16467529817257,
      25.824072344096898,
      30.486814043893848,
      13.16467529817257,
      62.235247765382724,
      13.16467529817257,
      23.278267386316273,
      13.16467529817257,
      22.929369562849928,
      59.43334719740677,
      25.172447624684622,
      15.701933598375618,
      6.4,
      14.290564829804019,
      13.30193359837562,
      13.30193359837562
    ],
    "averageScore": 22.159798020036927
  },
  "9": {
    "usage": 12,
    "aggregatedScore": 2326.032854537139,
    "scores": [
      17.59572667121121,
      22.89858894450299,
      12.501933598375619,
      1253.3850388532303,
      23.278267386316273,
      13.16467529817257,
      16.50193359837562,
      15.701933598375618,
      6.4,
      13.30193359837562,
      13.30193359837562,
      918.0008893918272
    ],
    "averageScore": 193.83607121142825
  }
}