{
  "1": {
    "usage": 10,
    "aggregatedScore": 262.86418016326235,
    "scores": [
      40.145276037737304,
      38.86649248570713,
      14.901933598375619,
      22.172970167563232,
      32.58408714794792,
      14.901933598375619,
      6.4,
      63.01604185223322,
      11.365081430210118,
      18.51036384511213
    ],
    "averageScore": 26.286418016326234
  },
  "2": {
    "usage": 14,
    "aggregatedScore": 331.62575255377504,
    "scores": [
      9.470901191841769,
      13.16467529817257,
      12.501933598375619,
      66.05878263108491,
      14.901933598375619,
      31.28681404389385,
      11.701933598375618,
      48.07089481467706,
      32.58408714794792,
      14.901933598375619,
      6.4,
      16.184745068172376,
      14.901933598375619,
      39.4951843661065
    ],
    "averageScore": 23.687553753841076
  },
  "3": {
    "usage": 5,
    "aggregatedScore": 178.79712138626607,
    "scores": [
      27.05676077215722,
      44.86481919073745,
      18.80050206386909,
      32.909089178899904,
      55.165950180602415
    ],
    "averageScore": 35.75942427725322
  },
  "4": {
    "usage": 15,
    "aggregatedScore": 987.8904121837511,
    "scores": [
      53.368986215362156,
      33.446964225090724,
      64.91022209060156,
      83.81006815088017,
      66.70887430271571,
      66.05878263108491,
      38.86649248570713,
      44.282534337940355,
      114.47301384090954,
      77.11588791251182,
      144.2980320954086,
      59.35921227470958,
      66.94437739573809,
      31.59211126264688,
      42.65485296244383
    ],
    "averageScore": 65.85936081225007
  },
  "5": {
    "usage": 14,
    "aggregatedScore": 430.1317934831354,
    "scores": [
      64.91022209060156,
      14.101933598375618,
      44.86481919073745,
      48.07089481467706,
      22.172970167563232,
      59.35921227470958,
      8.776450198781715,
      13.30193359837562,
      17.16467529817257,
      31.59211126264688,
      18.51036384511213,
      14.901933598375619,
      32.909089178899904,
      39.4951843661065
    ],
    "averageScore": 30.723699534509674
  },
  "6": {
    "usage": 8,
    "aggregatedScore": 892.6058184185943,
    "scores": [
      200.53621435640247,
      53.368986215362156,
      71.11753493967456,
      328.5091449159332,
      76.81833437714405,
      40.145276037737304,
      66.94437739573809,
      55.165950180602415
    ],
    "averageScore": 111.57572730232428
  },
  "7": {
    "usage": 13,
    "aggregatedScore": 762.1096538057438,
    "scores": [
      17.16467529817257,
      5.6,
      328.5091449159332,
      76.81833437714405,
      9.470901191841769,
      13.16467529817257,
      12.501933598375619,
      31.28681404389385,
      114.47301384090954,
      77.11588791251182,
      17.16467529817257,
      16.184745068172376,
      42.65485296244383
    ],
    "averageScore": 58.623819523518755
  },
  "8": {
    "usage": 22,
    "aggregatedScore": 1198.5377831633998,
    "scores": [
      200.53621435640247,
      24.361330644299944,
      11.701933598375618,
      16.184745068172376,
      33.446964225090724,
      41.08817075631039,
      15.56467529817257,
      78.59127964047492,
      50.43331779386655,
      43.823414423872435,
      36.61229744348775,
      14.101933598375618,
      66.70887430271571,
      144.2980320954086,
      63.01604185223322,
      8.776450198781715,
      138.91383838850675,
      39.71374651654595,
      31.28681404389385,
      32.7495557436908,
      84.45518300715871,
      22.172970167563232
    ],
    "averageScore": 54.4789901437909
  },
  "9": {
    "usage": 25,
    "aggregatedScore": 971.8542967240471,
    "scores": [
      24.361330644299944,
      11.701933598375618,
      16.184745068172376,
      71.11753493967456,
      41.08817075631039,
      17.16467529817257,
      15.56467529817257,
      78.59127964047492,
      50.43331779386655,
      43.823414423872435,
      36.61229744348775,
      5.6,
      83.81006815088017,
      27.05676077215722,
      11.701933598375618,
      44.282534337940355,
      18.80050206386909,
      11.365081430210118,
      138.91383838850675,
      39.71374651654595,
      31.28681404389385,
      32.7495557436908,
      13.30193359837562,
      84.45518300715871,
      22.172970167563232
    ],
    "averageScore": 38.87417186896189
  }
}