{
  "1": {
    "usage": 29,
    "aggregatedScore": 823.068529794368,
    "scores": [
      27.08340946549736,
      22.89858894450299,
      14.76467529817257,
      11.839191898578665,
      19.97310554490908,
      29.024072344096894,
      35.341144463459074,
      20.36467529817257,
      36.372447624684625,
      36.372447624684625,
      3.2,
      22.89858894450299,
      7.2,
      53.58136904419411,
      34.909705924887675,
      25.854852962443836,
      76.87757114149017,
      44.282534337940355,
      10.239191898578667,
      19.97310554490908,
      21.435847244706036,
      23.929892105728538,
      13.16467529817257,
      83.64182160270119,
      6.4,
      47.18033636203774,
      36.602014632641,
      25.824072344096898,
      11.839191898578665
    ],
    "averageScore": 28.381673441185104
  },
  "2": {
    "usage": 27,
    "aggregatedScore": 789.566547829513,
    "scores": [
      91.4235046367777,
      23.889045883867396,
      26.782215617332902,
      22.89858894450299,
      14.76467529817257,
      20.36467529817257,
      3.2,
      7.2,
      53.58136904419411,
      34.909705924887675,
      76.87757114149017,
      40.49417386120365,
      47.91676304006883,
      21.510228467766286,
      11.365081430210118,
      14.101933598375618,
      42.25801842654511,
      10.239191898578667,
      19.97310554490908,
      25.39263380552549,
      13.16467529817257,
      21.573105544909083,
      46.52561239977505,
      38.26662786305298,
      6.4,
      11.839191898578665,
      42.65485296244383
    ],
    "averageScore": 29.243205475167148
  },
  "3": {
    "usage": 10,
    "aggregatedScore": 528.0510080421391,
    "scores": [
      128.09418143362274,
      17.246828847744872,
      23.889045883867396,
      35.341144463459074,
      71.9044556016249,
      25.39263380552549,
      15.701933598375618,
      14.901933598375619,
      23.929892105728538,
      171.64895870381497
    ],
    "averageScore": 52.80510080421391
  },
  "4": {
    "usage": 10,
    "aggregatedScore": 656.1108945358719,
    "scores": [
      92.48055526010458,
      19.97310554490908,
      29.024072344096894,
      36.372447624684625,
      22.89858894450299,
      14.101933598375618,
      327.01450241974567,
      15.701933598375618,
      14.901933598375619,
      83.64182160270119
    ],
    "averageScore": 65.6110894535872
  },
  "5": {
    "usage": 8,
    "aggregatedScore": 512.4639449712183,
    "scores": [
      128.09418143362274,
      92.48055526010458,
      25.854852962443836,
      40.49417386120365,
      22.467150405931584,
      5.6,
      171.64895870381497,
      25.824072344096898
    ],
    "averageScore": 64.05799312140229
  },
  "6": {
    "usage": 10,
    "aggregatedScore": 405.35049285051286,
    "scores": [
      91.4235046367777,
      11.839191898578665,
      36.372447624684625,
      71.9044556016249,
      22.467150405931584,
      47.91676304006883,
      11.365081430210118,
      42.25801842654511,
      44.282534337940355,
      25.521345448150967
    ],
    "averageScore": 40.53504928505129
  },
  "7": {
    "usage": 7,
    "aggregatedScore": 212.26206322162508,
    "scores": [
      17.246828847744872,
      26.782215617332902,
      21.435847244706036,
      29.686814043893847,
      27.92989210572854,
      46.52561239977505,
      42.65485296244383
    ],
    "averageScore": 30.323151888803583
  },
  "8": {
    "usage": 10,
    "aggregatedScore": 607.6704553628214,
    "scores": [
      27.08340946549736,
      327.01450241974567,
      5.6,
      29.686814043893847,
      27.92989210572854,
      68.77296379039853,
      17.964675298172573,
      28.7495557436908,
      38.26662786305298,
      36.602014632641
    ],
    "averageScore": 60.76704553628214
  },
  "9": {
    "usage": 7,
    "aggregatedScore": 231.27221065512595,
    "scores": [
      21.510228467766286,
      68.77296379039853,
      17.964675298172573,
      28.7495557436908,
      25.521345448150967,
      21.573105544909083,
      47.18033636203774
    ],
    "averageScore": 33.03888723644656
  }
}